budget,popularity,vote_average,vote_count,runtime,avg_sentiment,Actual,Predicted
70000000,13.267631,5.2,269,97.0,0.5933,1,1
550000,0.001586,4.6,4,98.0,0.5671466666666666,0,0
10000000,9.525626,6.4,137,114.0,0.34146,0,0
10800000,32.943848,5.9,820,92.0,0.16578749999999998,1,1
250000000,98.885637,7.4,5293,153.0,0.6925538461538461,1,1
70000000,42.957216,5.5,1217,101.0,0.69101,1,1
5000000,6.470766,6.7,137,113.0,0.40086666666666665,1,0
55000000,29.97224,6.6,1698,108.0,0.4503076923076923,1,1
0,0.619348,5.8,9,78.0,0.541025,0,0
45000000,32.217425,6.9,677,113.0,0.10341666666666666,1,1
4700000,9.617777,5.9,139,101.0,0.11932727272727274,0,0
0,0.075817,5.4,7,130.0,0.6039,0,0
0,3.199784,5.7,42,99.0,0.002266666666666676,0,0
18000000,20.716023,6.9,993,104.0,0.05115333333333334,1,1
117000000,44.906918,5.9,1547,109.0,0.017299999999999996,1,1
100000000,20.652943,5.5,482,121.0,0.17826666666666666,1,1
0,4.653047,6.1,90,84.0,0.4112,0,0
48000000,88.844777,6.1,2200,109.0,0.7707900000000001,1,1
15000000,17.571533,7.7,338,154.0,0.6105416666666666,1,1
3400000,5.690619,6.5,84,94.0,0.22343333333333332,1,0
30000000,24.389194,5.6,506,98.0,0.233675,1,1
75000000,24.353302,6.2,302,123.0,0.02666923076923077,1,1
15000000,5.484679,4.8,27,98.0,0.3660133333333333,0,0
7500000,45.610993,7.2,2904,95.0,0.2533,1,1
25000000,29.533437,7.1,797,114.0,0.14354999999999998,1,1
12516654,11.103202,7.6,142,78.0,0.39145384615384615,0,0
108,7.410523,4.0,97,90.0,0.9337166666666666,0,0
60000000,12.621769,5.8,130,110.0,0.14700000000000002,1,0
6000000,6.903186,6.2,34,99.0,0.4181181818181818,0,0
57000000,48.622278,4.7,1135,95.0,0.5001333333333333,1,1
2000000,1.193219,5.3,6,101.0,-0.09602857142857145,0,0
0,1.278092,7.0,3,111.0,0.7667846153846154,0,0
30000000,79.754966,7.7,4949,111.0,0.19760909090909087,1,1
100000,18.045782,4.9,361,87.0,0.4426454545454545,1,0
9000000,9.159265,6.4,13,112.0,0.62418,0,0
20000000,5.727602,5.8,62,113.0,-0.33913333333333334,0,0
180000000,42.990906,5.8,1303,113.0,0.16125,1,1
70000000,43.873266,5.8,1523,118.0,0.13165000000000002,1,1
30000000,29.359201,5.9,690,118.0,0.29233333333333333,0,1
0,9.983004,5.6,244,92.0,0.17498999999999998,0,0
210000000,3.857526,6.3,3525,104.0,0.1266,1,1
50000000,52.380982,7.0,3319,112.0,0.4056454545454545,1,1
0,2.486992,6.2,32,75.0,0.5349928571428572,0,0
200000000,77.300194,6.6,6849,124.0,0.14128999999999997,1,1
800000,3.643662,7.8,13,88.0,0.2898,0,0
110000000,36.65422,5.5,1179,103.0,0.4511125,1,1
10000000,8.305998,7.0,103,153.0,0.16923333333333332,1,0
14000000,6.370267,6.2,21,107.0,0.183975,0,0
90000000,52.612025,5.7,1316,106.0,0.05945,1,1
25000000,24.356483,6.4,711,97.0,0.6296363636363637,1,1
12899867,19.747809,7.3,406,121.0,0.5154846153846153,1,1
85000,29.262427,7.2,590,83.0,0.5006411764705883,1,0
15000000,6.684096,6.2,64,124.0,0.49701875,0,0
85000000,18.335992,5.2,438,90.0,0.2367153846153846,0,1
41000000,14.653718,5.3,281,88.0,-0.13044166666666665,0,1
0,2.504156,3.9,37,96.0,0.36458999999999997,0,0
40000000,31.066874,6.9,708,129.0,0.20333076923076923,1,1
28000000,37.729059,6.9,823,115.0,0.5819500000000001,1,1
0,0.593068,5.4,8,93.0,0.1478875,0,0
18000000,17.683563,6.7,299,111.0,0.5532199999999999,1,1
500000,0.046903,5.0,2,87.0,0.7145384615384616,0,0
15000000,58.553213,7.1,1444,92.0,-0.22695,1,1
3200000,2.631688,5.4,59,90.0,0.59406875,0,0
45000000,31.856589,6.2,766,131.0,0.16092,1,1
145000000,38.73494,6.7,843,92.0,0.3134578947368421,1,1
1350000,16.032594,7.5,1648,105.0,0.41218125,0,0
0,3.637857,6.5,49,90.0,-0.014753846153846152,0,0
20000000,20.975165,7.0,435,104.0,-0.18438333333333334,1,1
134005,2.260315,5.3,22,104.0,0.20918,0,0
0,1.737032,2.9,28,80.0,0.05097,0,0
0,0.000372,4.0,3,90.0,0.47435,0,0
0,7.173059,5.5,57,91.0,0.22594375,0,0
32000000,34.628738,6.9,832,96.0,0.6585928571428571,1,1
29000000,25.767395,7.2,1597,129.0,0.31171666666666664,1,1
19000000,90.809408,7.6,3041,118.0,0.87845,1,1
18000000,31.82675,7.8,1076,160.0,0.71035,1,1
0,8.109958,6.8,57,114.0,0.5861692307692308,0,0
30000000,33.649652,6.6,840,127.0,0.32179090909090907,0,1
1000000,1.50211,5.4,25,97.0,0.5117666666666666,0,0
36000000,33.926473,6.0,894,101.0,0.5654250000000001,1,1
9000000,3.269459,4.9,70,91.0,0.2671076923076923,0,0
0,0.137535,1.0,1,89.0,0.703,0,0
75000000,23.004607,5.7,772,100.0,0.34825555555555554,1,1
80000000,16.848899,6.3,251,126.0,0.14732222222222224,1,1
0,5.079017,5.1,14,95.0,-0.20844000000000001,0,0
20000000,15.341196,6.1,290,72.0,0.1956083333333333,1,1
8000000,13.944645,7.3,231,80.0,0.20025999999999997,0,0
35000000,28.670477,5.7,1455,118.0,0.25598461538461537,1,1
90000000,16.058284,5.7,369,114.0,0.278275,1,1
35000000,11.041659,5.8,550,100.0,0.4624636363636363,1,1
78146652,13.630049,5.7,201,125.0,-0.11706250000000003,1,1
22000000,12.887673,5.4,154,90.0,0.33148333333333335,1,0
8000000,13.143045,6.9,672,101.0,0.4263230769230769,0,0
185000000,187.322927,8.2,12002,152.0,0.24957000000000001,1,1
0,12.335827,5.8,253,102.0,0.49345714285714287,0,0
140000000,271.972889,7.5,6985,143.0,0.6428727272727273,1,1
74500000,8.884318,6.9,180,109.0,0.22715833333333332,1,1
6000000,24.351305,6.9,703,99.0,0.057946153846153856,1,0
10,9.70276,6.1,86,102.0,0.12894444444444444,0,0
4200000,11.743085,6.4,215,114.0,0.4620909090909091,1,0
12000000,6.044161,6.5,330,99.0,-0.06175999999999998,1,1
53000000,49.593978,7.2,1486,109.0,0.5043142857142857,1,1
2000000,18.224326,6.8,279,98.0,0.11081428571428573,0,0
50000000,39.920035,6.1,1611,113.0,0.1888,1,1
46000000,25.6713,7.0,661,111.0,0.11063636363636364,1,1
80000000,8.923215,6.8,91,132.0,0.49422105263157895,0,0
1000000,0.153625,5.7,3,90.0,0.60424,0,0
28000000,45.054936,7.1,4645,117.0,0.2233166666666667,1,1
10000000,3.988432,5.4,24,101.0,0.41910000000000003,0,0
930000,5.974156,5.3,66,100.0,-0.6560833333333334,0,0
0,5.499412,7.1,83,92.0,0.55618,0,0
10000000,2.873796,4.3,16,91.0,0.49156923076923076,0,0
0,2.015525,5.4,32,96.0,0.15057333333333336,0,0
15000000,17.672021,5.2,358,96.0,0.5091083333333334,0,1
300000,30.301307,7.4,1035,91.0,-0.15095714285714285,1,0
15000000,22.838834,7.1,410,98.0,-0.0222888888888889,1,1
10000000,14.905357,6.2,238,100.0,0.1373090909090909,1,1
0,14.045887,7.6,138,106.0,0.6946285714285715,0,0
0,2.930853,7.5,20,134.0,0.4427833333333333,0,0
2600000,46.007991,6.9,1355,88.0,0.3414857142857143,1,1
0,0.665512,5.3,4,95.0,0.33663333333333334,0,0
80000000,16.681269,5.8,378,115.0,0.215075,1,1
230000,18.450613,6.9,733,92.0,0.40149999999999997,0,0
57000000,7.524671,5.8,60,117.0,0.5631416666666667,0,0
1500000,8.589355,7.4,153,114.0,0.32864615384615387,0,0
15000000,5.294319,6.7,65,119.0,0.5385166666666666,0,0
0,1.537859,4.1,35,91.0,0.9237428571428571,0,0
100000000,82.121691,7.8,10099,165.0,0.5884,1,1
65000000,36.307296,6.7,1429,149.0,0.022193750000000005,1,1
5000000,3.792015,6.2,37,90.0,0.6573428571428571,0,0
12000000,5.158067,6.3,59,131.0,0.8158615384615384,0,0
25,4.88794,7.0,59,145.0,0.3221416666666667,0,0
18000000,11.725805,3.7,14,98.0,0.5185333333333333,0,0
92000000,40.20395,5.6,1232,98.0,0.41654285714285716,1,1
0,3.784535,6.4,71,116.0,0.24531,0,0
1987650,32.841229,6.6,827,94.0,0.3014333333333333,0,0
0,0.414754,4.5,3,95.0,-0.24270666666666668,0,0
78000000,47.436675,5.7,1155,110.0,0.08315333333333333,1,1
58000000,8.59075,6.6,68,127.0,0.44376,1,0
0,0.186234,4.3,2,89.0,0.49408888888888886,0,0
15000000,4.688212,5.4,268,87.0,-0.4100222222222223,1,1
1250000,16.517777,6.0,315,87.0,0.44265,1,0
60000000,22.620125,5.8,391,100.0,0.236075,1,1
0,4.976268,6.8,78,114.0,-0.1416285714285714,0,0
13500000,9.982885,6.9,144,107.0,0.4552714285714286,1,0
150000000,44.927635,5.5,1431,99.0,0.4908909090909091,1,1
0,3.320622,6.4,77,97.0,0.4722642857142857,0,0
6000000,33.296684,5.9,1671,90.0,-0.035649999999999994,0,1
20000000,36.764666,6.9,948,113.0,0.25732000000000005,0,1
90000000,47.651083,7.2,2434,158.0,0.44576666666666664,1,1
9000,0.642552,5.9,5,85.0,0.6835000000000001,0,0
60000000,16.493576,5.8,258,93.0,0.6431857142857142,1,1
0,0.269661,3.9,5,110.0,0.2555,0,0
0,0.160779,3.2,8,83.0,0.20264444444444446,0,0
23000000,5.494047,5.9,56,86.0,0.09794444444444445,0,0
0,15.376391,5.9,194,109.0,0.6039727272727272,0,0
84000000,31.435539,5.4,820,88.0,0.42881250000000004,1,1
75000000,68.550698,6.9,9455,142.0,0.29642,1,1
18000000,16.102271,7.4,383,122.0,0.7416,1,1
100000000,52.792678,7.3,2281,143.0,0.3543,1,1
0,1.948435,6.1,34,86.0,0.4277153846153846,0,0
19000000,21.959742,6.4,465,100.0,0.3394875,1,1
0,0.71087,7.4,7,102.0,0.13533333333333333,0,0
0,0.053755,5.0,1,85.0,-0.059899999999999995,0,0
0,3.225189,7.8,65,126.0,0.38640909090909087,0,0
0,10.698929,5.5,252,102.0,0.48550714285714286,0,0
50000000,27.631262,5.6,760,95.0,0.7023874999999999,1,1
15000000,24.612603,5.8,742,97.0,0.7470166666666667,1,1
47000000,7.859226,5.9,251,103.0,0.587388888888889,1,1
110000000,44.635452,6.5,2965,120.0,0.9158272727272727,1,1
0,0.18094,3.7,3,120.0,-0.21130000000000002,0,0
6000000,4.957014,5.2,73,90.0,0.2745909090909091,0,0
30000000,23.234651,7.3,496,136.0,0.5788214285714286,1,1
0,7.708227,5.6,49,96.0,0.4882153846153846,0,0
0,3.890223,4.3,212,90.0,-0.23778181818181815,0,0
132000000,84.366984,6.5,1346,92.0,0.3048857142857143,1,1
85000000,36.38795,6.2,840,124.0,0.34912000000000004,1,1
140000000,101.599427,5.6,1921,150.0,0.5377545454545455,1,1
0,2.24888,6.4,53,104.0,0.14128181818181818,0,0
0,2.470443,6.6,48,115.0,0.037766666666666664,0,0
60000000,19.747459,6.1,527,124.0,0.4552583333333333,1,1
75000000,23.515938,6.0,385,123.0,-0.04607999999999999,1,1
0,0.631571,5.5,7,84.0,0.2997444444444445,0,0
8000000,5.069095,6.5,42,116.0,0.3131333333333333,0,0
7000000,17.434862,6.8,384,114.0,0.19828,1,1
100000000,53.732892,6.1,2896,103.0,0.39153,1,1
0,4.481897,6.1,35,117.0,0.3987235294117647,0,0
20000000,9.855474,4.9,199,97.0,-0.26745,1,0
22000000,17.772518,6.0,301,108.0,0.22035,1,1
55000000,11.329727,5.9,132,109.0,0.29938181818181814,0,0
55000000,23.465539,6.2,605,90.0,0.27823000000000003,0,1
12000000,49.070321,6.5,1564,88.0,0.1907,1,1
28000000,66.976776,7.1,2781,118.0,0.07855000000000001,1,1
21000000,14.518708,6.5,323,117.0,0.27784000000000003,1,1
32000000,14.48851,6.7,374,120.0,0.16519285714285714,1,1
250000000,198.372395,7.1,7241,147.0,0.4419,1,1
20000000,17.842246,6.2,398,107.0,0.3715428571428571,0,1
0,0.280829,5.0,1,90.0,0.2709615384615384,0,0
30000000,19.578249,5.6,376,107.0,0.20802857142857145,1,1
5000000,17.304055,6.5,354,96.0,0.8042416666666666,1,0
32000000,47.5612,6.2,1061,87.0,0.5974333333333333,1,1
20000000,5.596835,5.3,83,101.0,0.5351166666666667,0,0
30000000,14.585968,4.9,140,92.0,0.21771428571428572,1,1
6000000,143.659698,8.4,5893,175.0,0.5883555555555556,1,1
33000000,9.060642,5.7,116,124.0,0.4760125,0,1
0,3.654018,6.7,32,123.0,0.30261764705882355,0,0
80000000,29.415229,6.4,503,103.0,0.2754846153846154,1,1
16000000,15.788784,4.8,365,87.0,0.31263,1,1
27000000,9.904881,5.8,129,117.0,0.2773,0,1
0,1.946634,6.4,23,104.0,0.3596533333333333,0,0
7000000,4.50829,5.2,46,88.0,-0.3427166666666667,0,0
25000000,18.896239,6.0,414,103.0,0.41598124999999997,1,1
0,2.832628,6.3,20,125.0,0.34348999999999996,0,0
62000000,11.262655,5.8,178,125.0,0.15809285714285717,0,1
4000000,14.042041,6.5,250,111.0,0.6827624999999999,1,0
50000000,53.02787,5.7,3239,88.0,-0.495575,1,1
98000000,41.862983,6.0,2206,130.0,0.11990909090909091,1,1
0,3.562563,5.2,18,90.0,0.47109999999999996,0,0
8500000,8.775844,6.4,100,119.0,-0.11794444444444446,0,0
0,23.666229,6.0,415,104.0,0.15917142857142855,0,0
8500000,4.844451,5.0,70,84.0,0.3437,1,0
50000000,12.46525,6.4,236,109.0,0.8088857142857143,1,1
45000000,43.815492,6.5,1905,120.0,0.45252222222222227,1,1
0,0.004922,0.0,0,87.0,0.6172857142857142,0,0
80000000,36.32705,6.3,1074,83.0,0.3653176470588235,1,1
0,4.488547,6.9,21,135.0,0.07927272727272726,0,0
63000000,13.859307,6.5,202,191.0,-0.023014285714285702,1,1
20000000,62.933899,7.1,2181,96.0,0.696590909090909,1,1
0,18.428909,5.4,346,87.0,0.4811777777777778,0,0
0,9.719094,7.0,107,90.0,0.05891818181818181,0,0
18000000,3.258422,6.5,67,108.0,0.3956882352941177,0,0
25000000,19.402816,6.6,1262,115.0,0.5628,1,1
7000000,8.079046,7.0,139,116.0,0.32832307692307694,0,0
150000000,60.269279,7.3,3292,166.0,-0.04975,1,1
70000000,26.676487,5.3,588,113.0,0.12408181818181818,1,1
37000000,100.348805,6.8,2972,110.0,0.6973,1,1
170000000,32.319043,7.0,2141,126.0,0.38563846153846154,1,1
40000000,24.992057,5.7,736,116.0,0.12706250000000002,1,1
40000000,10.433667,6.7,155,135.0,-0.0015800000000000037,1,1
10000000,3.919057,4.4,51,97.0,0.19577,0,0
45000000,11.387408,6.3,90,160.0,0.45603333333333335,0,0
2700000,14.799323,7.6,718,80.0,0.5440666666666667,0,0
15000000,0.249245,4.7,15,105.0,0.2485777777777778,0,0
27000000,28.227984,6.6,607,101.0,0.4006454545454545,1,1
120000000,43.987061,6.4,3992,142.0,0.39946000000000004,1,1
1000000,2.833166,6.1,39,128.0,0.74735,1,0
64000000,4.137237,5.3,63,133.0,0.15600714285714284,1,0
0,16.368283,6.9,277,124.0,0.1316090909090909,0,1
25000000,25.848003,6.5,656,93.0,0.1238666666666667,1,1
550000,0.48088,4.2,3,115.0,0.3083727272727273,0,0
200000000,145.847379,7.0,5246,151.0,0.04752857142857143,1,1
64000000,35.384423,7.6,756,92.0,0.09215384615384616,1,1
27000000,14.788073,4.4,222,89.0,0.52962,1,1
15000000,10.484642,5.3,215,110.0,0.21442,1,1
35000000,27.903999,5.5,555,110.0,0.3417,0,1
1200000,0.193172,6.0,2,128.0,0.6029846153846153,0,0
0,7.668063,5.5,135,107.0,0.5686538461538462,0,0
15000000,12.163832,7.0,177,121.0,-0.05677777777777778,0,0
63000000,31.294717,5.7,690,102.0,0.13174,1,1
4000000,4.541908,6.7,46,110.0,0.31170714285714285,0,0
18500000,1.884558,6.4,30,120.0,0.5314083333333334,0,0
0,10.142218,5.9,140,120.0,0.21273571428571428,0,0
0,8.864368,5.3,180,85.0,0.91166,0,0
33000000,50.7453,7.8,3086,116.0,0.3424923076923077,1,1
15000000,19.284129,6.6,382,104.0,0.3316882352941177,1,1
0,0.002388,0.0,0,70.0,-0.07201250000000001,0,0
135000000,44.765377,6.1,1074,96.0,0.6898857142857143,1,1
14000000,13.65494,7.4,283,112.0,0.14246999999999996,1,1
1493619,2.492747,4.9,19,90.0,0.3087166666666667,0,0
5000000,0.999655,3.0,3,67.0,0.3081875,0,0
40000000,72.641296,5.3,1695,97.0,-0.06513749999999999,1,1
30000000,34.391792,6.1,1099,90.0,0.7944307692307693,1,1
22000000,12.893219,5.8,103,97.0,0.5418625,0,0
26000000,22.520842,6.1,426,111.0,0.20386,1,1
0,4.127155,6.6,35,102.0,-0.134625,0,0
17000000,9.349386,5.2,153,144.0,0.6204444444444444,0,1
15000000,7.424798,5.1,221,89.0,0.8925125,1,0
40000000,29.88736,6.5,670,99.0,0.40280909090909095,1,1
45000000,17.746719,6.4,278,119.0,0.4616416666666667,1,1
42000000,23.736535,6.6,501,154.0,0.483425,1,1
0,3.810943,5.1,24,88.0,0.4511727272727273,0,0
0,3.084874,4.1,10,85.0,0.6115533333333333,0,0
45000000,14.566664,4.2,135,82.0,0.2269235294117647,0,1
85000000,9.895061,5.1,313,100.0,0.19086,1,1
7000000,5.500324,6.3,66,92.0,0.28522,0,0
24000000,2.353441,4.1,19,93.0,0.28900588235294117,0,0
0,0.320387,6.7,5,155.0,-0.42074999999999996,0,0
9000000,0.717811,4.8,14,130.0,-0.3946,0,0
40000000,8.980846,5.7,124,103.0,0.4420571428571428,0,0
25000000,3.888776,4.6,45,99.0,0.57519,0,0
0,31.719463,5.6,648,100.0,0.46868499999999996,1,0
25000000,49.510658,7.6,1709,133.0,0.51335,1,1
45000000,20.374308,5.7,276,113.0,0.4576076923076923,1,1
28000000,4.436792,6.0,69,119.0,0.06929374999999999,0,0
22500000,22.096286,6.8,431,112.0,0.5437142857142857,0,1
5000000,1.731035,3.9,15,99.0,0.49441250000000003,0,0
200000000,71.862892,5.9,2463,115.0,0.28319285714285714,1,1
35000000,16.343317,7.0,322,105.0,-0.2082,1,1
24000000,35.244037,6.1,840,120.0,0.3316,1,1
0,3.069605,6.4,66,85.0,0.5176272727272727,0,0
0,4.382761,3.7,78,80.0,0.27486,0,0
0,0.399491,0.0,0,94.0,0.4619,0,0
0,13.758526,6.0,216,125.0,0.22188750000000002,0,0
0,1.419431,6.2,15,100.0,0.9211,0,0
15000000,63.071046,7.2,1488,93.0,0.1615,1,1
14000000,45.99611,7.0,1476,111.0,-0.08293333333333332,1,1
700000,2.659006,5.3,26,87.0,0.23081250000000003,0,0
8000000,6.932221,6.7,85,116.0,0.37929999999999997,0,0
8900000,15.079993,5.6,318,93.0,0.3864133333333334,0,1
30000000,26.952727,7.2,619,133.0,0.58006,1,1
23000000,57.110486,6.5,1590,119.0,-0.10976923076923077,1,1
60000000,30.656345,6.6,668,97.0,-0.07597999999999999,1,1
1500000,0.859014,6.6,8,97.0,0.6202785714285713,0,0
160000000,42.986467,6.0,2278,93.0,0.15210625,1,1
27000000,38.279458,6.5,1068,98.0,0.8160555555555555,1,1
20000000,2.605374,4.1,20,83.0,0.55912,0,0
15000000,6.216203,6.3,252,114.0,-0.2904,1,1
88000000,40.138009,5.6,818,118.0,0.7815857142857142,1,1
0,0.504251,2.0,1,90.0,-0.09062499999999998,0,0
2000000,17.639478,7.6,240,134.0,0.8814363636363637,0,0
1200000,63.655973,7.2,2184,103.0,0.21638000000000002,1,1
8000,1.041254,7.4,163,96.0,0.4206666666666667,0,0
0,1.136568,4.1,7,109.0,0.3537307692307692,0,0
5000000,35.871248,6.3,1050,104.0,0.5680000000000001,1,1
90000000,109.528572,7.3,3885,126.0,-0.1542857142857143,1,1
1377800,9.815394,6.1,203,105.0,0.5430538461538462,0,0
35000000,10.304172,4.9,135,83.0,0.03028333333333332,0,0
70000000,20.230535,5.7,455,116.0,0.41109285714285715,1,1
0,6.74556,5.2,242,80.0,0.036290000000000024,0,0
65000000,6.227675,5.6,1600,95.0,-0.2023125,1,1
1800000,15.978136,7.4,422,104.0,0.60926,1,0
50000000,8.139676,3.9,112,97.0,0.482775,0,1
0,0.957022,6.5,15,88.0,0.5912,0,0
45000000,4.340616,5.1,377,95.0,0.417,1,1
40000000,48.445978,7.2,2583,141.0,0.34720666666666666,1,1
62000000,18.832471,6.4,386,141.0,0.19813749999999997,1,1
312000,1.505703,6.2,11,102.0,0.6997166666666667,0,0
22000000,35.227212,7.4,716,191.0,0.017435714285714284,1,1
40000000,25.580272,6.1,474,123.0,0.20347999999999997,1,1
100000000,58.849256,6.4,1926,131.0,0.71855,1,1
31192,1.330379,6.3,26,89.0,0.7998333333333334,0,0
30000000,22.527211,6.2,1214,129.0,0.33277142857142855,1,1
48000000,53.043124,6.5,1267,111.0,-0.09660999999999999,1,1
4500000,15.002502,6.5,602,96.0,0.3004636363636364,1,1
12000000,74.358971,7.6,3759,125.0,0.20815454545454545,1,1
150000000,21.214571,5.5,549,102.0,0.13108,0,1
0,0.87066,6.4,9,91.0,0.7644875,0,0
45000000,14.513243,5.1,300,101.0,0.5938222222222223,1,1
500000,26.406001,6.2,587,94.0,0.5117285714285714,0,0
5000000,18.115566,6.2,671,95.0,-0.1877333333333333,1,1
27500000,25.633663,6.2,527,131.0,0.5194888888888889,1,1
6000000,12.434688,6.6,74,110.0,-0.01817000000000002,0,0
200000000,93.004993,6.9,7604,143.0,0.31189999999999996,1,1
0,5.025938,6.1,61,103.0,0.5896214285714285,0,0
40000000,31.385257,7.0,767,139.0,0.09445333333333333,1,1
70000000,14.244518,5.9,241,125.0,0.39269,1,1
25000000,24.903418,6.2,515,97.0,0.3914222222222222,1,1
55000000,39.882276,7.0,883,95.0,0.43725,1,1
25000000,4.051221,5.9,66,107.0,0.55381,0,0
20000000,19.705311,6.7,641,116.0,-0.0006666666666667043,1,1
44000000,21.75433,6.8,566,99.0,-0.08871818181818182,1,1
29000000,14.993169,6.0,242,103.0,0.6639111111111111,1,1
25000000,29.796394,7.1,705,99.0,-0.07290769230769233,0,1
3000000,7.924982,6.4,120,128.0,0.050190000000000026,0,0
4000000,3.663108,7.1,36,113.0,0.53076,0,0
400000,33.142185,6.6,1213,93.0,0.15387499999999998,1,1
4000000,40.016306,5.2,593,95.0,0.4885944444444445,0,1
0,1.517771,8.0,6,75.0,-0.24817777777777777,0,0
0,1.212956,6.6,7,99.0,0.2676117647058824,0,0
1000000,0.280083,7.3,4,119.0,0.2672,0,0
19000000,18.174804,8.1,4443,119.0,0.5271461538461538,1,1
0,1.680525,6.5,30,90.0,0.2298777777777778,0,0
0,2.162522,7.2,44,122.0,-0.2245181818181818,0,0
0,1.453765,5.9,26,172.0,0.28156,0,0
4500000,5.224593,6.9,89,116.0,0.5286857142857143,0,0
35000000,12.677505,5.9,238,101.0,0.4121714285714286,1,1
75000000,36.368839,6.3,874,91.0,0.02702,1,1
120000000,31.703608,5.5,1251,119.0,0.42815,1,1
9000000,20.452449,6.4,379,89.0,0.4622538461538461,1,0
17000000,9.832326,5.5,308,88.0,0.5518272727272727,1,1
0,15.128316,7.4,344,94.0,0.3353363636363636,1,0
5000000,6.063868,5.7,15,103.0,0.3922,0,0
176000003,85.36908,5.2,2768,124.0,0.4889545454545454,1,1
116000000,16.90444,5.7,428,108.0,0.8747714285714286,1,1
60000000,21.547446,7.4,797,122.0,0.3638375,1,1
40000000,12.229516,6.7,235,135.0,-0.5358333333333333,1,1
0,11.870161,6.2,127,120.0,0.3089777777777778,0,0
35000000,3.721272,6.4,35,101.0,-0.29986666666666667,0,0
78000000,10.083905,6.7,1115,124.0,0.03332,1,1
45000000,17.047276,6.5,501,103.0,0.017183333333333318,1,1
50000000,12.601306,5.3,110,101.0,0.31951,1,0
0,3.735723,6.9,51,157.0,0.47484615384615386,0,0
62000000,11.056763,6.5,195,106.0,0.55863,1,1
0,3.027892,6.9,101,101.0,0.5226,0,0
170000000,40.748915,5.1,1020,106.0,0.13809333333333332,1,1
22700000,39.890798,6.7,902,96.0,0.29767777777777776,1,1
15000000,95.130041,7.6,4737,108.0,0.20334545454545452,1,1
0,0.062089,8.0,1,86.0,-0.2722142857142857,0,0
0,0.144031,7.0,3,103.0,0.13783636363636365,0,0
34000000,3.960098,4.8,63,108.0,-0.15363749999999998,1,0
130000000,50.561849,5.2,1267,105.0,0.15185,1,1
17000000,1.15641,5.6,19,102.0,0.30224285714285715,0,0
1344000,20.422246,4.1,140,103.0,-0.10561111111111111,0,0
190000000,78.291018,7.4,4418,132.0,0.4298818181818182,1,1
52000000,23.663713,6.2,512,113.0,0.058700000000000016,1,1
102000000,36.788745,6.1,932,99.0,0.016366666666666658,1,1
45000000,49.353524,6.1,2757,91.0,0.21732857142857145,1,1
21000000,27.197799,7.1,893,81.0,0.2912666666666667,0,1
0,3.231848,4.4,49,84.0,0.8028166666666667,0,0
80000000,14.530946,7.0,292,74.0,0.5313,1,1
0,0.361554,5.8,2,76.0,0.2243222222222222,0,0
82500000,41.176631,6.0,2104,107.0,0.031581818181818176,1,1
0,0.319792,2.8,10,88.0,0.40138888888888885,0,0
70000000,3.276912,5.3,29,101.0,0.03614666666666667,0,0
0,2.637355,5.1,36,107.0,0.2839,0,0
16500000,10.74648,6.0,236,108.0,0.3977666666666667,0,1
5500000,31.036,6.5,562,130.0,0.893,1,1
20000000,29.023184,7.4,817,127.0,0.15386666666666668,1,1
0,0.429587,3.3,9,88.0,0.35003636363636365,0,0
3800000,3.490215,6.2,38,123.0,0.33157000000000003,0,0
70000000,35.601665,5.5,841,115.0,0.5295333333333333,1,1
0,9.342465,6.1,15,88.0,0.15495833333333334,0,0
0,0.120505,7.0,3,75.0,0.54298,0,0
50000000,13.576765,6.4,223,121.0,0.4054428571428571,1,1
0,4.722403,6.0,27,105.0,0.9366333333333333,0,0
0,2.596338,6.1,27,112.0,0.2643666666666667,0,0
0,2.397987,6.3,29,96.0,0.031689999999999996,0,0
80000000,28.223664,6.3,588,114.0,0.10994166666666667,1,1
27000000,1.224105,3.9,8,90.0,0.88896,0,0
5000000,2.732031,6.0,55,116.0,0.34240000000000004,0,0
60000000,47.336034,5.5,1177,92.0,0.5824250000000001,1,1
17000000,0.138564,2.9,15,97.0,0.4749111111111112,0,0
0,23.413188,6.8,1005,99.0,0.2920222222222222,0,0
2900000,5.928937,7.6,126,113.0,0.6811875000000001,0,0
115000000,54.035265,6.3,4432,136.0,0.6650818181818182,1,1
0,6.085879,6.4,139,110.0,0.4457785714285714,0,0
0,7.676677,7.4,203,96.0,-0.3489615384615385,0,0
1500000,11.064228,6.2,251,100.0,0.08513749999999999,0,0
0,3.877036,6.5,27,101.0,0.13203333333333334,0,0
19000000,64.181668,6.9,1603,108.0,0.42272999999999994,1,1
22000000,14.925633,6.2,239,106.0,0.46428,0,1
12000000,29.019504,7.4,579,98.0,0.05821666666666664,1,0
50000000,57.673932,6.6,1940,95.0,0.1768625,1,1
35000000,14.051852,5.2,235,76.0,0.85792,1,1
28000000,14.530803,6.6,521,90.0,0.8923166666666668,1,1
0,0.033883,1.0,1,0.0,0.22152222222222223,0,0
1,0.29245,6.7,7,100.0,0.501,0,0
16000000,9.717392,6.7,95,100.0,0.4592,0,0
0,1.332804,4.2,35,90.0,0.3980636363636364,0,0
6000000,28.819424,6.3,658,96.0,0.47365555555555555,0,1
200000000,69.405188,5.9,2143,109.0,0.2844166666666667,1,1
380000000,135.413856,6.4,4948,136.0,0.06630588235294119,1,1
0,1.583918,5.8,11,107.0,0.5568090909090909,0,0
1500000,4.680206,6.6,183,93.0,0.6089,0,0
3300000,44.356711,8.1,1814,130.0,0.5596333333333333,1,0
0,0.055325,3.0,1,96.0,-0.35035,0,0
9000000,3.951041,6.8,38,120.0,-0.07435000000000001,1,0
17000000,45.742254,7.2,927,120.0,0.3811142857142857,1,1
25000000,35.022029,5.0,712,117.0,-0.11001428571428572,1,1
37000000,31.941347,6.5,1222,96.0,0.5533272727272727,1,1
55000000,47.845589,6.7,1457,81.0,0.33095555555555556,1,1
28000000,24.917665,6.4,564,99.0,0.12267000000000002,1,1
68000000,20.913852,5.9,302,116.0,0.20238,1,1
10000000,11.847324,7.1,193,130.0,0.40893076923076926,0,0
12300000,28.670193,7.0,640,69.0,0.5263222222222222,1,1
17000000,6.385234,4.5,140,82.0,0.5481642857142857,0,1
0,2.894154,6.4,62,103.0,-0.18575,0,0
0,3.905877,5.9,41,103.0,0.15322,0,0
125000000,143.350376,5.8,2636,101.0,-0.016811111111111103,1,1
9000000,82.975841,6.6,1954,104.0,0.3796857142857143,1,1
0,15.017162,7.4,217,94.0,-0.028830769230769233,0,0
0,0.012942,0.0,0,0.0,0.5711,0,0
15000000,26.708193,6.5,541,121.0,0.3833285714285714,1,1
0,1.840511,6.6,29,128.0,0.2185,0,0
0,6.2464,6.4,72,118.0,0.43983,0,0
0,2.351706,5.6,10,105.0,0.7589375,0,0
60000000,4.801849,5.9,50,119.0,0.049684615384615376,0,1
35000000,27.934978,5.9,730,108.0,0.53075,1,1
0,0.218736,4.0,1,91.0,0.4875076923076923,0,0
40000000,26.253357,6.2,959,129.0,0.5049875,1,1
10000000,14.038512,5.1,179,90.0,0.4669833333333333,0,0
7700000,3.353176,7.2,79,159.0,0.4376166666666667,1,0
0,1.416796,4.8,13,95.0,-0.31292857142857144,0,0
36000000,6.967857,6.7,96,107.0,0.08232727272727274,1,1
0,4.056774,6.0,33,105.0,0.3902666666666667,0,0
140000000,58.485967,6.4,2482,151.0,0.5539285714285714,1,1
70000000,64.457947,6.2,2389,92.0,0.08155,1,1
0,2.436019,7.6,44,144.0,-0.08889999999999998,0,0
9500000,21.230737,6.6,307,104.0,0.52384,0,1
2000000,34.938177,7.9,958,137.0,0.41181249999999997,1,1
16000000,2.848727,4.3,48,97.0,0.16753,0,0
40000000,37.073127,7.0,1869,135.0,0.2611230769230769,1,1
0,3.312385,4.5,38,97.0,0.10758571428571428,0,0
11,3.375208,6.4,29,145.0,-0.24057000000000003,0,0
7500000,8.859657,6.2,116,92.0,0.4170285714285714,0,0
5000000,12.904615,4.8,191,100.0,0.5483111111111111,0,0
70000000,13.543053,4.9,410,87.0,0.49196666666666666,1,1
23600000,57.300674,7.2,3550,88.0,0.16270625,1,1
45000000,19.637704,6.3,433,117.0,0.32439999999999997,1,1
1900000,1.367751,6.9,21,89.0,0.05688666666666667,0,0
50000000,18.121404,5.6,644,96.0,0.8274285714285714,1,1
155000000,49.661984,6.2,1514,113.0,-0.003466666666666655,1,1
15000000,13.568302,6.0,243,106.0,0.5164142857142857,0,1
0,1.799504,5.8,8,100.0,0.37178333333333335,0,0
60000000,21.252797,6.1,400,104.0,0.37182857142857145,1,1
16000000,23.425431,6.9,478,126.0,0.7840272727272727,1,1
0,0.459625,4.9,8,84.0,0.5530428571428571,0,0
42000000,34.828241,7.0,1335,122.0,0.6251538461538462,1,1
0,2.304552,6.6,24,89.0,0.36033,0,0
47000000,10.410933,4.6,104,75.0,0.27205714285714283,1,1
0,0.177356,6.1,18,105.0,-0.061414285714285706,0,0
1000000,1.260314,6.6,32,81.0,0.1109,0,0
180000000,56.523205,6.7,4794,131.0,0.34750000000000003,1,1
44000000,54.884297,7.2,1220,130.0,0.5958,1,1
42000000,47.559928,7.0,2025,113.0,0.2990833333333333,1,1
30000000,6.353971,6.7,161,108.0,0.37824,0,1
0,0.12082,5.2,29,135.0,0.4877833333333333,0,0
2627000,0.531444,6.0,8,120.0,-0.01581428571428573,0,0
80000000,23.531721,5.9,901,99.0,0.68084,1,1
28000000,22.14595,6.1,493,81.0,-0.09131,1,1
24000000,3.113009,4.7,49,107.0,0.07014166666666667,0,0
35000000,45.149948,6.5,1375,123.0,0.32482500000000003,1,1
0,0.376662,10.0,1,97.0,0.24939,0,0
15000000,49.230089,7.8,2926,117.0,0.14658333333333332,1,1
0,10.131123,5.1,163,84.0,0.10243333333333333,0,0
8000000,5.93923,6.6,148,92.0,0.20281818181818181,0,0
13000000,6.735922,4.8,154,105.0,0.287425,1,1
30000000,19.143721,6.8,258,63.0,0.585925,0,1
53000000,46.049902,6.3,1242,122.0,0.22501538461538464,1,1
0,4.262374,6.5,48,106.0,-0.6251857142857142,0,0
150000000,44.141021,6.2,1810,89.0,0.5920333333333334,1,1
1200000,88.377076,8.1,2311,161.0,0.34839333333333333,0,1
24000000,20.69219,5.9,742,93.0,0.4204153846153846,1,1
0,6.722213,6.1,25,84.0,0.5558692307692308,0,0
15000000,32.306455,6.7,1206,110.0,0.23740714285714287,1,1
150000000,114.522237,7.1,3224,131.0,0.4589214285714286,1,1
15000000,6.329672,6.5,93,98.0,0.12333333333333334,0,0
13200000,24.656068,5.6,181,83.0,0.3383888888888889,1,0
0,14.211699,6.4,194,124.0,0.21640714285714285,0,0
10284523,4.820166,5.7,75,104.0,0.20651428571428568,0,0
35000000,10.032626,5.6,143,113.0,0.2230818181818182,1,1
75000000,4.66891,6.8,4097,104.0,0.7161090909090909,1,1
0,0.003142,0.0,0,92.0,0.45582666666666666,0,0
0,10.982255,6.7,166,90.0,0.5294,0,0
20000000,38.802415,6.5,956,101.0,0.7995142857142857,1,1
5000000,35.108498,5.9,858,92.0,0.3559727272727273,1,1
112000000,22.845143,4.9,621,85.0,-0.29368333333333335,1,1
12000000,15.817096,7.1,509,106.0,0.5294666666666666,0,1
4000000,12.822534,4.5,118,93.0,0.2127857142857143,0,0
150000000,5.954334,6.2,4021,107.0,0.5945444444444444,1,1
13000000,11.045593,4.5,228,94.0,0.5442846153846154,1,1
35000000,38.100488,5.8,923,99.0,0.64781,1,1
35000000,19.893646,5.6,961,106.0,0.24041538461538461,1,1
11000000,3.646848,5.0,16,110.0,0.2745722222222222,0,0
8500000,9.230073,6.8,107,119.0,-0.37720000000000004,0,0
200000,0.713906,6.4,64,80.0,-0.20616363636363635,0,0
0,8.022122,6.6,117,87.0,0.22060714285714284,0,0
30000000,73.640445,7.7,5269,81.0,0.3147090909090909,1,1
7000000,2.206097,6.7,14,113.0,0.10444,0,0
17000000,43.675191,6.1,1206,95.0,-0.018599999999999988,1,1
50000000,23.935053,5.5,509,98.0,0.6338,1,1
1200000,0.489271,4.3,5,111.0,0.36970000000000003,0,0
30000000,4.065212,5.0,41,125.0,0.48564444444444443,0,0
85000000,23.230851,5.9,601,85.0,0.2227333333333333,1,1
15000000,42.952942,7.0,951,115.0,0.24820714285714285,1,1
0,8.628485,6.0,197,95.0,0.45634545454545455,0,0
103000000,95.301296,7.9,5439,155.0,-0.08995833333333332,1,1
0,0.160234,4.2,5,90.0,0.1501428571428571,0,0
17500000,7.180403,5.8,16,93.0,-0.07815000000000001,0,0
0,1.128559,5.8,12,87.0,0.2891375,0,0
2000000,3.125382,4.6,19,120.0,0.3376909090909091,0,0
0,28.858238,6.9,332,94.0,0.5233454545454546,0,0
55000000,4.700024,5.2,62,100.0,0.8325,0,1
19000000,11.766564,6.2,208,97.0,0.5144777777777778,0,1
0,3.291609,7.2,52,91.0,0.05340000000000001,0,0
2500000,4.624691,6.0,40,90.0,-0.0755777777777778,0,0
0,0.007254,0.0,0,78.0,0.5815428571428571,0,0
250000,44.656151,6.9,1069,90.0,0.41847,0,1
0,9.03154,6.4,88,68.0,0.5562875,0,0
100000000,95.007934,7.9,6571,180.0,0.7199714285714285,1,1
60000000,38.820858,6.2,1325,106.0,0.3866714285714286,1,1
0,11.349664,5.9,308,98.0,0.2477875,0,0
5000000,8.753409,7.0,294,99.0,0.95129,0,0
57000000,9.27875,4.2,91,95.0,0.1216090909090909,1,0
600000,4.859873,6.8,97,99.0,0.41881250000000003,0,0
50000000,45.856409,6.2,1633,114.0,0.19460769230769231,1,1
55000000,22.787667,6.1,458,104.0,-0.003255555555555567,1,1
0,10.416332,5.8,212,93.0,0.5203599999999999,0,0
0,12.467267,6.7,144,138.0,-0.1421727272727273,0,0
19000000,32.602868,6.3,659,122.0,0.50711,1,1
20000000,12.232048,7.0,185,106.0,0.3272526315789474,0,0
0,0.020168,6.4,4,80.0,0.7965,0,0
16000000,3.021835,5.4,43,96.0,-0.39735,0,0
10000000,4.207456,5.6,72,84.0,0.35431875,1,0
90000000,19.836124,5.2,376,104.0,0.1149875,0,1
0,6.379933,5.9,123,104.0,0.7164384615384616,0,0
66000000,18.59991,6.6,488,121.0,0.70795,1,1
35000000,53.114573,7.1,1881,121.0,-0.2339,1,1
60000000,2.275331,5.4,37,105.0,0.5245599999999999,0,0
50000000,17.667826,5.2,820,80.0,-0.2083375,1,1
3800000,2.201678,6.0,21,95.0,0.31872,0,0
40000000,22.853006,6.6,560,123.0,0.5694615384615385,1,1
15000000,64.504747,6.6,1935,84.0,-0.02862500000000001,1,1
16000000,19.890428,6.8,378,100.0,0.23817,0,1
0,1.985243,6.1,24,95.0,-0.010933333333333342,0,0
60000000,22.736038,6.0,487,118.0,0.50769,1,1
28000000,10.703456,6.5,148,139.0,0.24790833333333331,1,1
18000000,52.464877,7.0,2606,94.0,0.29392727272727276,1,1
35000000,23.835055,6.0,436,109.0,0.16095,1,1
140000000,44.19092,6.0,1000,120.0,0.4097333333333333,1,1
0,0.065155,5.2,10,103.0,0.11674999999999998,0,0
200000000,81.834855,6.7,5560,116.0,0.37172,1,1
20000000,14.947588,4.3,331,92.0,0.6989888888888889,1,0
25000000,11.782725,4.4,104,87.0,0.5606199999999999,0,1
0,3.677831,5.9,7,100.0,0.38678,0,0
1000000,14.017809,7.3,221,104.0,0.2832,0,0
0,6.833164,5.3,33,113.0,0.3092888888888889,0,0
25000000,14.340095,5.5,350,89.0,0.3609857142857143,1,1
4200000,12.540624,6.3,210,114.0,0.5229,1,0
30000000,23.328823,4.8,469,89.0,0.2664285714285714,1,1
8000000,9.728143,6.1,88,90.0,0.4720375,0,0
20000000,33.625477,5.4,404,96.0,0.02276923076923077,0,1
25000000,38.688822,6.1,1331,107.0,0.27476666666666666,1,1
0,0.592821,0.0,0,104.0,-0.28968571428571427,0,0
0,2.805351,5.8,49,86.0,0.6326125,0,0
32000000,14.733513,6.1,305,119.0,0.4039,1,1
35000000,9.122828,7.7,115,180.0,0.22239,0,1
65000000,43.055253,7.3,1400,137.0,0.32709166666666667,1,1
18000000,14.916264,6.9,176,112.0,0.4764375,0,1
18000000,9.244181,6.7,77,105.0,0.41965454545454545,0,0
20000000,19.962713,6.0,368,105.0,0.31819333333333333,1,1
20000000,45.742217,6.5,833,148.0,0.4166181818181819,0,1
10000000,3.193777,6.2,51,89.0,0.22144545454545456,0,0
2000000,1.892183,5.8,36,91.0,0.5234875,0,0
50000000,23.073933,6.0,387,132.0,-0.08936666666666665,1,1
0,0.030253,2.8,3,120.0,0.20906153846153847,0,0
16000000,20.59148,6.4,258,122.0,0.17987142857142852,0,1
10000000,10.072199,7.2,196,111.0,0.11178333333333333,0,0
60000000,22.991269,5.6,604,105.0,0.5846857142857144,1,1
28000000,14.754281,5.8,568,98.0,0.234125,1,1
250000,5.217002,6.4,101,106.0,0.32672727272727276,0,0
52000000,27.916284,6.1,675,92.0,0.058427272727272744,1,1
55000000,25.400935,6.2,735,110.0,0.5786928571428571,1,1
90000000,63.429157,7.9,4339,151.0,0.6094499999999999,1,1
15000000,10.194097,6.2,230,88.0,0.24800625,1,1
36000000,27.465433,7.0,594,116.0,0.63048,1,1
20000000,12.25264,4.9,209,91.0,-0.02158750000000001,1,1
15000000,21.095489,5.9,355,92.0,0.06579375,1,1
105000000,33.507289,5.5,783,114.0,0.11488461538461539,1,1
38000000,46.078371,5.9,1201,110.0,0.4675833333333333,1,1
20000000,3.620537,6.0,31,110.0,0.051500000000000004,0,0
2600000,19.02965,7.0,308,92.0,0.34928333333333333,0,1
20000000,28.019226,6.0,634,98.0,0.19749999999999998,1,1
0,17.806082,6.7,277,101.0,0.2951142857142858,0,0
0,0.783842,3.5,4,84.0,-0.2363777777777778,0,0
15238800,17.94739,7.2,255,144.0,0.2690636363636364,0,1
700000,29.761163,7.2,691,103.0,0.4060625,0,0
250000000,120.965743,7.1,4760,144.0,0.4754133333333333,1,1
7000000,7.051521,6.1,56,104.0,0.0574625,0,0
0,11.357474,7.5,200,121.0,0.13776666666666668,0,0
15000000,11.379652,5.9,173,114.0,0.0031833333333333527,0,0
5000000,4.227807,6.1,38,134.0,-0.0676,0,0
80000000,16.939441,6.3,410,128.0,0.54635625,1,1
1000000,6.532855,6.4,161,91.0,0.040459999999999996,0,0
40000000,37.084384,7.4,1526,121.0,0.532375,1,1
9000000,12.172131,6.5,115,121.0,-0.10825714285714286,1,0
0,7.247023,7.0,54,102.0,0.4932875,0,0
0,5.498834,7.7,43,89.0,0.8249666666666666,0,0
60000000,27.615108,6.0,669,101.0,0.4140428571428572,1,1
0,0.406645,7.4,13,99.0,0.14173846153846154,0,0
0,0.304566,5.0,6,85.0,0.03716,0,0
8000000,9.799177,6.1,181,93.0,0.10730909090909092,0,0
40000000,37.776566,7.1,732,112.0,0.3886285714285714,1,1
70000000,49.199234,5.5,1448,116.0,0.64295,1,1
110000000,2.871739,6.8,3506,133.0,0.3538,1,1
20000000,2.986286,6.1,29,121.0,0.2981666666666667,1,0
0,0.424957,5.5,6,80.0,0.11495714285714287,0,0
34200000,34.86859,6.1,875,93.0,0.2641545454545455,1,1
13000000,6.425528,6.1,109,91.0,0.23727142857142858,1,0
1500000,11.145915,7.3,160,111.0,0.17229411764705885,0,0
42000000,3.844926,6.5,47,126.0,0.5504625,0,0
0,10.0403,5.5,185,91.0,-0.10003999999999999,0,0
730000,18.644023,7.6,334,85.0,0.5222777777777777,0,0
80000000,15.761384,4.7,183,114.0,0.8126099999999999,1,1
39000000,27.908783,6.6,932,87.0,0.13894666666666666,1,1
6500000,8.432401,7.1,119,113.0,-0.08628571428571429,0,0
19400000,20.746932,7.1,312,125.0,0.44016,0,1
43000000,28.613892,4.8,575,97.0,0.6001363636363636,1,1
30000000,27.230493,6.0,506,131.0,0.1444375,1,1
0,9.054803,5.6,54,99.0,0.15382857142857143,0,0
120000,1.112792,7.1,20,95.0,0.5786666666666667,0,0
0,10.292864,4.3,203,89.0,0.0006999999999999863,0,0
110,9.950505,6.6,203,114.0,0.28203333333333336,0,0
0,6.130231,6.6,124,98.0,0.022750000000000003,0,0
5000000,9.302349,5.9,209,88.0,-0.24107777777777775,0,0
20000000,9.129808,6.4,102,126.0,0.4878636363636364,0,1
70000000,21.723897,5.5,453,116.0,0.5145666666666667,1,1
20000000,5.65327,3.3,12,84.0,0.2844777777777778,0,0
18000000,16.470895,5.4,442,101.0,0.46117777777777774,1,1
10,1.617943,6.9,26,85.0,0.44646,0,0
0,1.735462,4.8,10,82.0,0.43435714285714283,0,0
120000000,25.752118,6.2,597,130.0,-0.23366000000000003,1,1
0,12.898984,6.4,169,96.0,0.7679875,0,0
200,0.050978,5.0,1,109.0,0.18324666666666664,0,0
61000000,143.041543,7.9,5862,145.0,0.4378428571428571,1,1
3000000,11.882563,5.7,197,112.0,0.5134428571428572,0,0
58000000,12.29603,5.9,178,125.0,0.2773764705882353,1,1
0,7.052422,5.2,58,82.0,0.28205555555555556,0,0
5000000,22.9951,7.1,478,134.0,0.3603454545454545,1,1
0,9.774126,7.2,197,101.0,0.49305000000000004,0,0
65000000,5.258726,2.3,28,87.0,0.3892875,0,0
45000000,52.081131,7.3,1634,122.0,0.6202769230769231,1,1
130000000,68.757242,6.7,1918,95.0,0.40917000000000003,1,1
0,5.937602,6.3,31,119.0,0.3878315789473684,0,0
40000000,19.833664,5.0,336,96.0,0.38979285714285716,1,1
45000000,11.095914,5.9,134,96.0,0.06500000000000002,0,0
24000000,42.669304,5.9,966,89.0,-0.21873571428571428,1,1
19000000,26.441669,7.3,638,114.0,0.042309090909090914,1,1
30000000,31.92695,6.3,799,94.0,0.4017428571428571,1,1
15000000,41.249004,6.4,1648,86.0,0.2746166666666667,1,1
140000000,120.725053,7.4,8776,126.0,0.5684916666666667,1,1
70000000,46.217769,5.8,1424,124.0,0.29007999999999995,1,1
0,5.023091,5.0,62,86.0,0.6797857142857142,0,0
160000000,167.58371,8.1,13752,148.0,0.12523333333333334,1,1
35000000,9.011729,6.9,161,111.0,0.41835,0,1
150000000,63.079003,6.5,2028,126.0,0.7202181818181818,1,1
60000000,17.299333,6.6,234,109.0,0.5673111111111111,1,1
33000000,29.775441,6.7,663,99.0,0.09949999999999999,1,1
6500000,15.580335,7.6,292,120.0,0.406175,1,0
0,2.611364,6.4,31,106.0,0.6199399999999999,0,0
7000000,5.060656,5.0,85,84.0,0.7839142857142857,0,0
0,6.668679,5.9,27,112.0,0.20986000000000002,0,0
0,21.620317,6.7,390,101.0,-0.1847333333333333,1,0
0,0.605645,8.0,1,117.0,0.07467777777777777,0,0
19000000,11.47316,6.7,141,113.0,0.05275384615384614,1,1
45000000,6.250282,4.7,100,92.0,-0.012169230769230769,0,1
28000000,7.039189,6.8,91,134.0,0.35851,0,0
70000000,14.086292,5.4,228,116.0,0.5185625,1,1
66000000,25.877794,6.0,602,112.0,0.1956,1,1
80000000,11.50396,5.3,695,93.0,0.8415714285714285,1,1
11500000,20.747994,6.4,407,103.0,-0.14646923076923077,1,1
7500000,19.782725,7.0,2244,96.0,0.41807777777777777,1,1
15000000,8.113634,5.9,97,92.0,0.35836666666666667,0,0
56000000,35.4763,5.8,842,95.0,0.4641888888888889,1,1
30000000,8.058109,5.1,123,102.0,0.2373,1,0
750000,1.471139,5.2,16,80.0,0.27874444444444446,0,0
17000000,20.786616,7.4,352,170.0,-0.02275000000000002,1,1
140000000,91.332849,6.0,3114,88.0,-0.09852857142857142,1,1
40000000,6.90894,5.7,81,101.0,0.6012444444444445,0,0
11000000,7.063053,4.9,74,95.0,0.09758181818181817,1,0
15000000,29.843818,6.8,961,105.0,0.5284666666666666,1,1
0,18.678415,5.8,191,102.0,-0.26855,1,0
25530000,4.475007,5.3,84,95.0,-0.08210666666666668,1,0
70000000,18.264635,5.6,332,98.0,0.5588090909090909,1,1
40000000,49.664128,6.8,2807,138.0,0.25006666666666666,1,1
0,5.842299,5.3,101,89.0,0.60481,0,0
0,2.651418,6.1,35,86.0,0.6318333333333334,0,0
18000000,13.916583,6.7,273,116.0,0.6855375,1,0
32000000,3.379454,5.4,44,110.0,0.29206666666666664,0,0
105000000,110.153618,7.3,5751,91.0,0.4646272727272727,1,1
0,0.231297,5.6,4,97.0,0.29017,0,0
8000000,9.590373,6.0,208,98.0,0.37244,0,0
7000000,23.612409,6.6,483,105.0,0.00286249999999999,1,1
20000000,10.50098,7.0,167,120.0,-0.018469999999999997,0,1
6500000,28.223163,7.2,1149,112.0,-0.11969999999999999,1,1
70000000,61.245957,7.6,1436,86.0,0.2923052631578948,1,1
0,0.214704,6.0,1,88.0,0.2694714285714286,0,0
5000000,30.271066,7.9,719,124.0,-0.2173909090909091,1,0
60000,41.690578,6.3,1055,81.0,0.07171999999999998,1,1
26000000,1.492056,5.5,34,101.0,0.10105000000000001,0,0
27000,0.027811,6.0,9,64.0,0.7007714285714286,0,0
860000,3.703005,6.6,51,97.0,0.4098272727272727,0,0
0,0.249457,3.1,6,90.0,0.4264,0,0
12000000,13.427427,6.9,86,109.0,0.33656363636363634,0,0
3200000,1.034844,6.1,5,95.0,0.33346666666666663,0,0
8000000,10.19377,7.2,189,111.0,-0.16092857142857145,0,0
30000000,11.19602,6.2,243,125.0,-0.08104999999999998,1,1
16000000,8.711782,6.4,113,112.0,0.44734285714285715,0,0
30000000,21.538222,5.8,363,108.0,0.13048888888888888,1,1
0,0.028756,0.0,0,88.0,0.1255375,0,0
15000000,61.182331,7.8,3311,123.0,0.31405,1,1
39000000,2.817364,4.5,32,106.0,0.3889142857142857,0,0
38000000,6.909942,6.6,3428,106.0,0.21933333333333335,1,1
30000000,9.301562,6.7,157,114.0,0.6336315789473684,0,1
40600000,34.022209,7.1,738,116.0,0.26807857142857144,1,1
10000,20.399578,7.5,485,89.0,0.6242714285714286,0,0
130000000,79.679601,7.7,5877,141.0,0.2303416666666667,1,1
7000000,5.33861,5.1,47,76.0,0.5008857142857143,0,0
5800000,4.49029,7.2,72,133.0,-0.18742142857142857,0,0
9000000,14.171759,5.7,146,98.0,0.465125,0,0
14000000,11.543363,4.5,133,118.0,0.5673125,1,0
15000000,2.005111,6.1,33,113.0,0.1300777777777778,1,0
11000000,7.559192,6.6,217,107.0,0.4580384615384615,1,0
25000000,19.750059,6.0,330,115.0,-0.14268333333333336,1,1
0,0.926084,4.1,7,92.0,0.10555555555555556,0,0
0,1.975941,6.3,22,95.0,0.94512,0,0
12000000,26.219598,6.2,497,107.0,-0.009145454545454528,1,1
7000000,2.932784,5.0,15,102.0,0.016400000000000005,0,0
0,3.215465,4.6,55,92.0,0.4483636363636364,0,0
0,7.330691,7.2,53,107.0,0.26323636363636366,0,0
13000000,16.681567,5.8,308,84.0,0.66825,1,1
65000000,31.974359,6.2,679,102.0,0.4739,1,1
26000000,24.114459,6.3,404,115.0,0.21261818181818182,1,1
3500000,10.729884,5.9,129,92.0,0.21095,0,0
20000000,10.218307,6.8,203,114.0,0.10078333333333334,0,0
0,0.068246,6.0,1,103.0,0.7205090909090909,0,0
45000000,53.090422,5.8,1309,93.0,0.7223142857142858,1,1
6000000,29.834065,6.6,632,117.0,-0.1363,1,1
0,57.84156,7.4,1486,131.0,0.15074285714285712,1,1
40000000,27.303608,5.8,629,98.0,0.4820875,1,1
130000000,59.325589,5.4,3025,110.0,0.28249,1,1
17000000,9.191187,5.4,167,107.0,0.5787142857142857,1,1
5000000,30.001024,6.7,683,95.0,0.56814,0,1
2600000,8.001156,6.1,20,91.0,0.054869230769230774,0,0
11000000,27.65527,6.7,537,119.0,0.20963500000000002,1,1
82000000,18.447479,5.7,595,123.0,0.44133333333333336,1,1
165000000,724.247784,8.1,10867,169.0,0.410275,1,1
100,0.394575,5.5,2,77.0,0.539975,0,0
0,5.483671,6.3,47,103.0,0.10065714285714289,0,0
2500000,23.672571,7.7,959,105.0,-0.023492857142857156,0,0
0,3.376967,5.9,43,110.0,0.3683444444444445,0,0
20000000,6.102663,6.4,24,98.0,-0.3303285714285714,0,0
170000000,77.178973,5.8,3118,127.0,-0.09500000000000001,1,1
57000000,31.791979,6.4,535,103.0,0.43416,1,1
30000000,31.191975,6.5,1263,111.0,0.7348909090909092,1,1
5000000,26.510558,6.1,766,93.0,-0.07659090909090908,1,1
8000000,8.403859,5.7,95,79.0,0.13528571428571431,0,0
13000000,17.632446,5.4,304,107.0,-0.016762500000000003,0,1
10000000,1.374409,5.5,2,74.0,0.6724636363636364,0,0
0,4.989985,6.6,207,84.0,0.9201571428571429,0,0
145000000,56.747978,6.7,1603,95.0,0.10153333333333331,1,1
40000000,25.136082,6.1,555,102.0,-0.16774545454545453,1,1
0,1.110179,3.5,15,99.0,0.24932307692307693,0,0
25000000,7.001176,5.2,147,107.0,0.429975,1,0
56000,0.010909,0.0,0,80.0,0.14367272727272729,0,0
2000000,26.281839,6.3,519,108.0,0.2912923076923077,0,1
0,14.885388,6.8,225,108.0,-0.10595454545454545,1,0
0,2.394613,3.5,36,97.0,0.14525384615384615,0,0
1800000,38.204158,7.2,1180,91.0,0.17199,1,1
25000000,1.894749,7.0,31,128.0,-0.15797857142857147,0,0
13000000,6.92205,6.1,88,114.0,0.2660888888888889,1,0
1000000,1.883947,7.2,29,92.0,0.2192230769230769,0,0
0,1.70819,5.7,13,94.0,-0.4083875,0,0
0,9.140936,6.9,228,115.0,0.38710909090909085,0,0
0,4.04701,5.1,83,81.0,0.39536,0,0
200000000,77.68208,6.8,8806,130.0,0.476525,1,1
30000000,9.278361,6.5,206,125.0,0.1964846153846154,1,1
58000000,1.551497,6.1,1658,119.0,0.7288666666666667,1,1
4000000,8.988455,6.6,50,152.0,0.20267333333333332,1,0
21000000,12.790408,5.0,205,87.0,0.029381818181818196,0,1
57000000,21.021809,5.8,441,123.0,0.46102105263157894,1,1
50000000,9.622345,6.3,88,137.0,0.4551928571428571,0,0
84000000,17.815595,3.6,338,94.0,-0.03574285714285714,0,1
0,8.483531,6.6,91,122.0,0.5645615384615384,0,0
0,6.997495,6.4,25,104.0,0.3789,0,0
0,0.327794,0.0,0,60.0,0.27065,0,0
53000000,18.61472,5.4,292,118.0,0.1761444444444444,1,1
25000000,6.889437,4.7,123,93.0,0.3499076923076923,1,0
48000000,18.102572,6.6,339,113.0,0.4985111111111111,1,1
6000000,3.89204,5.4,32,98.0,0.57845,0,0
100000000,15.625949,6.1,264,138.0,0.1468375,1,1
79000000,40.723459,5.8,1030,94.0,0.52785,1,1
15000000,3.043589,6.1,52,95.0,0.8998833333333334,1,0
135000000,63.473086,6.8,1519,94.0,0.33926153846153845,1,1
125000000,81.499621,7.0,3886,129.0,0.43716666666666665,1,1
85000000,48.126297,5.5,1114,106.0,0.2481909090909091,1,1
0,1.126941,6.1,27,109.0,0.43827499999999997,0,0
13000000,20.39955,7.2,387,161.0,-0.14410769230769233,0,1
0,0.147886,6.0,9,97.0,-0.06675384615384615,0,0
0,0.036532,0.0,0,105.0,0.48679999999999995,0,0
140000000,38.924136,7.2,948,95.0,0.30851,1,1
8000000,121.463076,8.3,8428,154.0,0.32943636363636364,1,1
30000000,19.925026,6.7,362,125.0,0.10583749999999999,1,1
137000000,26.074908,5.9,433,106.0,0.6617900000000001,1,1
5600000,22.341462,6.4,489,85.0,0.00256666666666668,0,1
30000000,10.608998,3.7,359,84.0,0.06701,1,1
8200000,25.03414,6.4,505,107.0,0.5628,1,0
8000000,7.433574,5.9,63,112.0,0.295,0,0
68000000,39.395881,5.3,881,98.0,0.57092,1,1
0,0.772668,7.2,8,105.0,-0.0194,0,0
15000000,19.786392,7.8,921,183.0,0.77098125,1,1
40000000,4.516953,5.9,81,128.0,0.1176857142857143,1,0
0,4.245123,6.0,10,141.0,0.05236153846153846,0,0
3000000,16.553594,7.6,165,108.0,0.305,0,0
123000000,45.419668,6.2,1386,104.0,-0.08672727272727274,1,1
10000000,5.025446,6.4,81,105.0,0.48505,0,0
175000000,41.796339,5.9,1326,119.0,0.5162555555555556,1,1
6000000,16.139771,6.8,392,94.0,0.03256666666666667,0,1
6000000,40.196514,7.3,1000,109.0,0.44100000000000006,1,1
64000000,12.421504,5.3,261,98.0,-0.2432,1,1
0,7.744166,7.4,100,105.0,0.15428999999999998,0,0
0,3.199904,6.6,50,106.0,0.296725,0,0
1000000,3.638411,4.9,23,96.0,0.26198,0,0
42000000,82.185281,6.1,1536,108.0,0.4134888888888889,1,1
150000000,47.320801,6.7,2988,93.0,0.6797,1,1
7000000,3.120016,6.7,41,170.0,-0.14495714285714284,0,0
0,1.903405,5.5,24,88.0,0.19365714285714283,0,0
26000000,11.233081,6.5,201,118.0,0.5963555555555556,1,0
4000000,18.422323,6.1,302,95.0,0.5276888888888889,1,0
62000000,18.096884,6.1,340,116.0,-0.4109142857142857,1,1
55000000,13.191829,6.0,254,97.0,0.416,0,1
30000000,5.671691,6.2,179,100.0,0.0028666666666666563,0,0
0,2.25453,5.5,34,112.0,0.175675,0,0
45000000,12.362876,6.1,210,111.0,0.8326916666666667,0,1
806948,93.067866,8.2,2320,109.0,0.2525636363636364,1,0
0,2.131524,6.4,6,116.0,0.009855555555555581,0,0
14000000,21.680424,5.8,498,92.0,0.30119999999999997,1,1
0,9.229999,6.0,122,106.0,0.2361142857142857,0,0
10000000,0.666218,3.0,9,86.0,0.41205,0,0
70000000,45.381501,7.3,2888,115.0,0.23495384615384618,1,1
0,26.799913,6.0,593,105.0,0.2778928571428571,1,0
75000000,34.070054,5.9,855,120.0,0.53766,1,1
100000000,51.113717,7.2,1490,78.0,0.04205833333333333,1,1
1500000,0.071377,6.0,2,108.0,0.3905125,0,0
2000000,22.139842,8.0,657,129.0,0.1927,0,1
5000000,5.348446,6.4,91,118.0,0.24230000000000002,0,0
55000000,19.143321,5.9,311,134.0,0.18712307692307692,1,1
35000000,13.668633,4.6,149,92.0,0.33495454545454545,1,1
110000000,48.829437,6.2,2093,100.0,0.25200833333333333,1,1
100000,4.563698,6.6,64,111.0,0.3841666666666666,0,0
10000000,3.290639,6.0,31,100.0,0.5490916666666666,1,0
100000000,101.74155,7.7,4185,137.0,0.3634916666666667,1,1
95000000,28.200874,5.6,634,112.0,0.5972857142857143,1,1
5000000,4.129165,5.9,58,98.0,0.4323636363636364,0,0
51000000,10.430832,5.3,225,90.0,0.3321222222222222,1,1
25000000,24.672234,6.6,573,127.0,0.3154166666666667,0,1
108000000,167.93287,7.6,7268,141.0,0.5115222222222222,1,1
15500000,17.327279,6.3,317,95.0,0.20502000000000004,0,1
0,3.159574,6.2,26,121.0,0.14437000000000003,0,0
0,0.541652,4.5,2,93.0,-0.13818333333333332,0,0
28000000,40.28635,6.3,2224,103.0,0.23166666666666666,1,1
26000000,31.250383,5.2,788,91.0,0.71428,1,1
400000,23.603514,6.7,554,95.0,0.45207777777777775,1,0
40000000,26.82041,7.5,502,189.0,0.25545,1,1
6400000,74.234793,7.3,4128,108.0,0.20145714285714286,1,1
150000000,25.468493,6.6,4040,144.0,0.6166833333333334,1,1
18000000,12.243887,5.9,136,103.0,0.28387,1,0
80000000,18.69984,6.2,392,128.0,0.68778,1,1
0,11.60921,5.6,194,104.0,0.12894999999999998,0,0
0,0.620554,6.7,10,87.0,0.19304444444444446,0,0
130000000,68.889395,6.3,5080,124.0,0.3873111111111111,1,1
30000000,55.806402,6.6,1262,79.0,0.4196714285714286,1,1
0,4.922397,6.9,18,99.0,0.5353636363636364,0,0
6000000,26.286954,7.4,558,121.0,0.69384,1,1
15000000,41.286336,7.8,851,216.0,0.4060125,1,0
10000000,2.574014,6.4,22,106.0,0.3713545454545455,0,0
20000000,13.118983,6.3,130,95.0,0.33407499999999996,0,0
58800000,87.53437,7.4,4469,133.0,0.18109999999999998,1,1
0,0.51799,6.8,27,120.0,0.7245133333333332,0,0
80000000,17.455024,5.0,388,130.0,0.19178333333333333,1,1
1500000,9.856826,6.8,151,98.0,0.35023333333333334,0,0
24000000,3.572339,5.9,111,108.0,0.3370666666666666,0,1
70000000,21.789615,5.4,444,112.0,0.2867384615384615,1,1
38000000,9.662715,5.0,150,90.0,-0.010772727272727262,1,1
11000000,7.645979,7.4,158,114.0,0.17155454545454546,1,0
7500000,4.943588,5.5,63,104.0,0.4984625,0,0
130000000,39.448066,5.4,1260,96.0,0.1709857142857143,1,1
17000000,32.746486,7.3,2247,112.0,0.60138,1,1
33000000,7.339908,4.9,110,96.0,0.4198857142857143,0,0
85000000,24.107835,6.4,514,104.0,0.3071,1,1
6000000,66.11334,8.1,2757,117.0,0.33418749999999997,1,1
